Name,Price,Rating,Distance from the centre,Free Cancellation,Prepayment needed,Breakfast included
CitiNest Residence Bui Vien Signature,"VND 5,575,500",8.7,1 km from centre,Yes,No,No
NU House - Heart of District 1 - Walk to Everything,"VND 3,511,250",None,1.4 km from centre,Yes,No,No
The L'anmien Quận 3,"VND 4,090,500",9.7,1.8 km from centre,Yes,No,No
Hung Thanh Airport Hotel - Gần Siêu Thị Vincom Cộng Hoà,"VND 6,075,000",6.7,5.4 km from centre,Yes,No,No
The Cozy Nest,"VND 5,703,706",7.4,4.9 km from centre,Yes,No,No
Rainbow Airport Hotel,"VND 3,375,297",8.3,5.4 km from centre,Yes,Yes,No
Victory House,"VND 3,006,072",8.3,1.4 km from centre,No,Yes,No
La Suite Thao Dien,"VND 11,787,847",8.7,6 km from centre,Yes,Yes,No
17c dang van ngu 103,"VND 3,207,600",None,4.1 km from centre,Yes,No,No
Liva,"VND 2,142,000",6.6,5.3 km from centre,Yes,No,No
Collection O District Tan Binh Near Airport Formerly Joy Inn,"VND 5,075,829",6.3,7.6 km from centre,Yes,Yes,No
Hanhhome,"VND 4,536,000",9.2,4.1 km from centre,Yes,No,Yes
Notre Maison 8 Saigon close Landmark 81 building,"VND 5,449,350",8.8,2.9 km from centre,Yes,No,No
Airport Apartment TS,"VND 3,665,880",None,5.6 km from centre,Yes,No,No
Japanese studio near City Center by CIRCADIAN,"VND 27,540,000",None,5.4 km from centre,Yes,No,No
California Saigon Hotel & Rooftop Pool,"VND 9,707,917",7.5,400 m from centre,Yes,Yes,Yes
StayX Luxury Apartment in District 3,"VND 4,176,000",None,1.9 km from centre,Yes,No,No
CHILL HOME 2,"VND 4,158,000",9.2,3.6 km from centre,Yes,No,No
Gemini Saigon LUXURY,"VND 6,851,425",6.9,0.6 km from centre,Yes,No,No
YOGO Saigon Hanoi,"VND 7,344,000",None,1.4 km from centre,Yes,No,No
Hato Saigon Boutique Hotel & Rooftop,"VND 11,235,000",8.3,500 m from centre,Yes,No,Yes
The Cozy Inn Hotel Ho Chi Minh,"VND 5,751,000",7.7,0.9 km from centre,Yes,Yes,No
Mecozy Apartel,"VND 9,822,409",8.2,5 km from centre,Yes,No,No
Alleyway home,"VND 2,733,222",6.0,1.3 km from centre,Yes,No,No
Nicecy Apartment - Sai Gon City,"VND 6,196,511",7.8,1.5 km from centre,Yes,No,No
"Kin Wander Tân Phong, The Moonage","VND 9,384,883",9.1,3.9 km from centre,Yes,Yes,No
Botanist Lab Minihotel by CIRCADIAN,"VND 4,685,248",8.5,2.7 km from centre,Yes,Yes,No
Ben Thanh Retreats Hotel,"VND 6,928,350",9.0,0.8 km from centre,Yes,Yes,Yes
The Hidden HogWarts - Nearly Bùi Viện Walking street,"VND 3,317,760",7.3,0.9 km from centre,Yes,No,No
The 1- Tony saigon Hotel,"VND 5,103,000",7.8,0.6 km from centre,Yes,No,Yes
Na Nue Hotel,"VND 5,258,250",7.3,0.6 km from centre,Yes,No,Yes
Wah Fu Hotel,"VND 10,462,500",7.3,3.2 km from centre,Yes,No,No
Tan Son Nhat Airport Apartment by SABAY,"VND 5,710,500",7.7,5.6 km from centre,Yes,No,No
Angie's Home,"VND 7,128,000",9.0,1.6 km from centre,Yes,No,No
Ha Long hotel,"VND 3,890,250",8.4,13.8 km from centre,Yes,No,No
Airport Apartment LS,"VND 4,534,880",None,5.6 km from centre,Yes,No,No
Hotel Grand Saigon,"VND 25,806,791",8.5,0.8 km from centre,Yes,Yes,Yes
Nicecy Hotel Suites & Spa,"VND 12,878,130",7.6,1.4 km from centre,Yes,Yes,Yes
Vinhomes Central Park Premier Apartment,"VND 10,442,880",8.1,3.6 km from centre,Yes,No,No
N3 Opera Residence,"VND 10,080,000",9.0,1.1 km from centre,Yes,No,No
S868 Hotel,"VND 3,280,390",None,8.3 km from centre,Yes,Yes,No
Athena Hotel,"VND 12,858,750",8.1,3.7 km from centre,Yes,No,Yes
AIRIE LIVING,"VND 9,376,000",8.6,1.8 km from centre,Yes,No,No
HOLO BEN THANH SAIGON Serviced HomeStay,"VND 6,348,375",7.5,400 m from centre,Yes,No,No
Green Cocoon,"VND 3,960,000",7.5,2.9 km from centre,Yes,Yes,No
Thư Thái Hotel - Lunaria Maison Group,"VND 2,890,899",7.7,2.7 km from centre,Yes,Yes,No
M Saigon Apart-The Manor 2,"VND 9,967,590",8.4,3.2 km from centre,Yes,No,No
F-Hotel & Apartment,"VND 7,306,200",9.1,3 km from centre,No,Yes,No
Loftic Apartments - Tan Dinh,"VND 4,934,412",9.1,2.4 km from centre,Yes,Yes,No
A&EM Saigon Hotel,"VND 16,063,699",8.0,400 m from centre,Yes,Yes,Yes
CityHouse - Atelier Apartment & Hotel,"VND 15,884,100",9.1,5.4 km from centre,Yes,No,No
Cherry Apartment - Thao Dien Centre,"VND 5,961,600",8.3,4.6 km from centre,Yes,Yes,No
Oscar Saigon Hotel,"VND 9,858,000",7.8,0.6 km from centre,Yes,Yes,Yes
Kadupul Hotel,"VND 5,264,992",8.5,5.7 km from centre,Yes,No,No
Huazhu Hotel - 华住酒店,"VND 11,186,850",7.5,1.1 km from centre,Yes,Yes,Yes
Aquari Hotel,"VND 13,770,000",8.4,1 km from centre,Yes,No,Yes
Liberty Central Saigon Riverside Hotel,"VND 21,036,015",8.6,0.9 km from centre,Yes,Yes,No
Chez Mimosa Petite - Free Laundry,"VND 12,568,500",9.1,0.6 km from centre,Yes,No,Yes
A&A Toronto Hotel,"VND 7,253,280",7.4,250 m from centre,Yes,No,Yes
WA Garden Apartment & Hotel,"VND 5,904,000",8.6,1.1 km from centre,Yes,Yes,No
Atlas Hotel & Apartments,"VND 4,388,400",8.2,4.8 km from centre,Yes,No,No
Gemini Saigon HOTEL & APARTMENT,"VND 6,501,863",6.8,0.6 km from centre,Yes,No,No
Saigon Cozy Hotel,"VND 5,832,000",8.4,0.8 km from centre,Yes,No,Yes
Lyly's House - Homestay,"VND 4,762,800",8.7,7.1 km from centre,Yes,Yes,No
Cubicity Metro House,"VND 8,100,000",8.4,350 m from centre,Yes,No,No
Liberty Hotel Saigon Greenview,"VND 8,904,464",8.0,0.6 km from centre,Yes,Yes,Yes
Zeus Living - Cozy Apartment in Thao Dien,"VND 5,310,000",7.9,5 km from centre,Yes,No,No
Amanaki Saigon Boutique Hotel,"VND 20,770,650",9.1,0.6 km from centre,Yes,No,Yes
Asian Ruby Center Point Hotel & Spa,"VND 7,276,500",7.1,0.8 km from centre,Yes,No,Yes
Thanhha Guesthouse At Bui Vien Walking Street,"VND 5,103,000",8.3,0.7 km from centre,Yes,No,Yes
Rosa Hotel & Spa,"VND 10,260,000",7.3,350 m from centre,Yes,No,Yes
Dong Khanh Hotel,"VND 7,490,880",7.6,4.7 km from centre,Yes,Yes,Yes
Hotel Majestic Saigon,"VND 28,804,835",8.8,0.9 km from centre,No,Yes,Yes
A In Hotel Del Luna,"VND 5,235,821",8.0,0.8 km from centre,Yes,No,No
Somerset Ho Chi Minh City,"VND 25,259,850",9.0,2 km from centre,No,Yes,No
Harmony Saigon Hotel & Spa,"VND 15,397,200",8.4,0.9 km from centre,Yes,Yes,Yes
M Hotel Saigon,"VND 38,139,840",8.5,450 m from centre,Yes,Yes,Yes
Rex Hotel,"VND 42,642,309",8.1,0.6 km from centre,Yes,Yes,Yes
ÊMM Hotel Saigon,"VND 16,282,340",8.8,1.7 km from centre,Yes,Yes,Yes
Collection O Luxury Hotel and Suites Cao Thang Near Children Hospital 1,"VND 7,131,011",7.5,1.7 km from centre,Yes,No,No
Felix Hotel,"VND 5,614,576",7.7,0.7 km from centre,No,Yes,No
Sky Gem Hotel Sora,"VND 18,637,201",8.2,1.1 km from centre,Yes,Yes,Yes
The Reverie Saigon,"VND 59,864,316",9.2,0.7 km from centre,Yes,Yes,No
Secret Garden Hotel Ben-Thanh,"VND 10,351,090",8.6,450 m from centre,Yes,No,No
Sai Gon River Hotel,"VND 4,050,000",7.8,4.6 km from centre,Yes,Yes,No
Equatorial Ho Chi Minh City,"VND 27,781,529",8.2,2.3 km from centre,Yes,No,No
Caravelle Saigon,"VND 34,521,003",8.9,0.8 km from centre,No,Yes,No
Sotetsu Grand Fresa Saigon 相鉄グランドフレッサ サイゴン,"VND 29,380,000",9.3,1.4 km from centre,Yes,No,No
Venus Hotel,"VND 3,743,000",7.5,8.9 km from centre,Yes,No,No
Muong Thanh Grand Saigon Centre Hotel,"VND 19,296,000",8.4,1.5 km from centre,Yes,Yes,Yes
The Lovenote Home,"VND 5,523,300",8.3,2.3 km from centre,No,Yes,No
The Landmark Pavilion - Vinhomes Central Park,"VND 13,531,500",8.9,3.5 km from centre,Yes,No,No
The Concept Hotel HCMC- District 1,"VND 22,410,000",8.7,0.8 km from centre,Yes,No,No
Acnos Hotel,"VND 13,365,000",8.3,0.5 km from centre,Yes,No,Yes
Townhouse District 10 Near Children Hospital 1 Formerly Cuong Thanh 3 Hotel,"VND 7,844,121",7.3,2.5 km from centre,Yes,No,No
Mia Hotel,"VND 8,910,000",9.1,250 m from centre,Yes,Yes,No
Hotel Des Arts Saigon Mgallery Collection,"VND 29,174,253",9.1,1.2 km from centre,Yes,Yes,No
Oakwood Residence Saigon,"VND 27,359,995",8.9,4.6 km from centre,No,Yes,No
Oakwood Hotel & Apartments Saigon,"VND 13,778,100",8.6,4.2 km from centre,No,Yes,No
The Spring Hotel,"VND 10,205,292",8.4,1 km from centre,Yes,No,No
Huong Sen Annex Hotel,"VND 11,359,278",8.7,0.9 km from centre,No,Yes,Yes
Northern Charm Hotel,"VND 32,092,305",8.2,1.3 km from centre,Yes,Yes,Yes
Babylon Garden Serviced Apartment,"VND 6,210,000",9.4,2.1 km from centre,Yes,No,No
Landmark 81 Skyscrape Luxury Romantic,"VND 11,583,000",8.2,3.5 km from centre,Yes,No,No
Việt Life Hotel & Apartment - Free conference & cinema room,"VND 5,733,000",9.2,4.4 km from centre,Yes,No,No
DHTS Business Hotel & Apartment,"VND 13,839,705",9.2,3.3 km from centre,No,Yes,No
Nexus House Nguyễn Bỉnh Khiêm,"VND 9,568,000",8.7,2.2 km from centre,Yes,Yes,No
Zazz Urban Ho Chi Minh,"VND 14,082,352",8.6,3 km from centre,Yes,Yes,No
Hotel Nikko Saigon,"VND 37,278,677",9.1,1.9 km from centre,No,Yes,No
THE METROPOLE Apartment Complex OPERA-GALLERIA-CREST,"VND 18,160,000",9.7,1.9 km from centre,Yes,No,No
Elios Hotel,"VND 10,195,200",8.1,0.7 km from centre,Yes,Yes,Yes
Asian Ruby Boutique Hotel Bùi Thị Xuân,"VND 4,770,000",8.0,0.9 km from centre,Yes,No,No
Green Airport Hotel,"VND 5,400,000",8.1,5.6 km from centre,Yes,No,No
Silverland Min Hotel,"VND 13,803,072",8.4,0.9 km from centre,Yes,Yes,No
GALANG HOTEL,"VND 7,310,250",7.7,2.4 km from centre,Yes,No,No
Winsuites Saigon Hotel,"VND 19,980,000",8.3,150 m from centre,Yes,Yes,Yes
Salute Saigon Hotel and Spa,"VND 13,010,270",9.3,400 m from centre,Yes,No,No
Garden View Court Suites Ho Chi Minh City,"VND 19,755,915",8.9,450 m from centre,No,Yes,Yes
Royal Hotel Saigon,"VND 18,497,375",8.4,0.6 km from centre,Yes,No,Yes
Sunrisehome,"VND 5,391,000",8.9,2.4 km from centre,Yes,No,No
Lotus Laverne Hotel,"VND 4,637,197",7.6,3.8 km from centre,Yes,No,No
The Hammock Hotel Fine Arts Museum,"VND 16,070,400",8.8,300 m from centre,No,Yes,Yes
MEANDER Saigon,"VND 15,295,000",9.2,1.4 km from centre,Yes,No,No
Belvilla Comfort Stays Near Bui Vien Walking Street,"VND 8,279,640",9.5,1.1 km from centre,Yes,Yes,No
Mia Saigon – Luxury Boutique Hotel,"VND 57,043,800",9.4,7.2 km from centre,No,Yes,Yes
Novotel Living Saigon South,"VND 19,770,000",8.1,5.4 km from centre,No,Yes,No
Vien Dong Hotel - Near Bui Vien Walking Street,"VND 9,698,002",8.3,0.8 km from centre,Yes,Yes,Yes
Saigon Hotel,"VND 16,552,350",8.3,0.8 km from centre,Yes,Yes,Yes
Vilion Boutique Hotel Ben Thanh,"VND 8,100,000",7.5,300 m from centre,Yes,No,No
Bình Minh Hotel HCM,"VND 3,583,940",7.1,5.3 km from centre,Yes,No,No
Centana Ben Thanh Hotel,"VND 5,040,000",6.3,500 m from centre,Yes,No,No
The Royal LandPark - Phu My Hung,"VND 8,368,920",7.6,4.6 km from centre,No,Yes,No
Đô Thành Residence,"VND 17,204,400",7.9,1.8 km from centre,Yes,Yes,Yes
Rang Dong Hotel,"VND 8,371,710",7.8,0.7 km from centre,Yes,No,No
Liberty Hotel Saigon Parkview,"VND 8,555,508",7.8,0.6 km from centre,Yes,Yes,No
HOSTIE SAIGON [WANDERLUST Home],"VND 5,040,000",8.5,1.6 km from centre,Yes,No,No
PHÚ GIA BÙI VIỆN HOTEl,"VND 4,600,000",7.2,0.5 km from centre,Yes,No,No
Sam Royal Apartment,"VND 12,240,000",7.4,400 m from centre,Yes,No,Yes
Somerset Vista Ho Chi Minh City,"VND 22,963,500",8.9,6.9 km from centre,No,Yes,No
Rustique Maison,"VND 7,361,442",8.8,2.3 km from centre,No,Yes,No
City Backpackers Hostel,"VND 6,750,000",8.7,0.6 km from centre,Yes,Yes,No
Sen Sai Gon Hotel - Ben Thanh Market,"VND 4,918,054",5.1,0.5 km from centre,Yes,No,No
Collection O Sunshine Garden Hotel - Near SECC,"VND 15,356,587",7.0,6 km from centre,No,Yes,No
Chao Nest - Saigon Vinhomes Central Apartment,"VND 10,912,500",9.8,3.5 km from centre,Yes,No,No
Saigon Hub Hostel,"VND 3,997,125",6.8,0.8 km from centre,Yes,Yes,No
Mai House Saigon Hotel,"VND 35,884,143",9.3,1.4 km from centre,No,Yes,No
A25 Hotel - 29 Lê Thị Hồng Gấm,"VND 10,867,340",7.9,350 m from centre,Yes,No,Yes
A In Hotel Atistar,"VND 6,516,000",9.0,6.7 km from centre,Yes,No,No
Solana Garden Hotel,"VND 5,493,660",8.8,7.3 km from centre,Yes,No,No
Thien Ha Hotel & Apartment,"VND 5,001,750",7.7,5.2 km from centre,No,Yes,No
Paradise Saigon Boutique Hotel & Spa,"VND 17,600,000",8.2,350 m from centre,Yes,Yes,Yes
Yoyo Airport Saigon Hotel,"VND 3,915,000",7.6,5.2 km from centre,Yes,No,No
Nouveau Happy Inn - Bến Thành,"VND 5,791,800",7.7,0.8 km from centre,Yes,No,No
Teddy Apartment at Sky Center Luxury,"VND 6,750,000",8.0,5.2 km from centre,No,Yes,No
Suzu Saigon - A Boutique Hotel,"VND 20,520,000",9.0,1.4 km from centre,Yes,Yes,No
Sumi Hotel Gò Vấp,"VND 3,745,000",8.3,9 km from centre,Yes,No,No
"Saigon Cozy Home "" At BuiVien Walking Street ""","VND 6,583,500",8.6,0.7 km from centre,Yes,No,Yes
Lotus Saigon Hotel,"VND 12,397,500",7.5,1.7 km from centre,No,Yes,Yes
Vĩnh Hội Apartment D4,"VND 15,637,950",10,1.8 km from centre,Yes,No,No
Alpina Regal Hotel,"VND 6,593,400",8.2,200 m from centre,Yes,No,No
YHD Homestay Bui Vien,"VND 3,237,600",6.5,1 km from centre,Yes,No,No
Hoai Pho Hotel,"VND 4,500,000",8.6,0.6 km from centre,Yes,No,No
Saigon Pink Hotel,"VND 7,219,800",7.4,0.6 km from centre,Yes,No,No
The Luxury MAYS Hotel,"VND 12,352,500",8.3,200 m from centre,Yes,No,No
Collection O Madam Cuc Hotel,"VND 11,747,295",7.8,1.1 km from centre,No,Yes,No
Amanaki Thao Dien,"VND 36,722,700",9.2,5.3 km from centre,Yes,No,No
La Maison De Lynn - The Art of Relaxation,"VND 5,355,504",9.0,2.1 km from centre,Yes,No,No
Tuyet Nhi Sai Gon Hotel,"VND 4,950,000",8.3,2.2 km from centre,Yes,No,No
Arista,"VND 7,764,000",8.3,6.3 km from centre,Yes,No,No
Ananas Family Hotel,"VND 8,910,000",8.1,4 km from centre,Yes,No,No
Language Exchange Hotel 3,"VND 3,070,400",7.0,1.6 km from centre,Yes,No,No
HANZ Vivianne Boutique Hotel,"VND 7,964,336",None,0.8 km from centre,Yes,Yes,No
Aladdin Hotel,"VND 4,095,000",6.9,3.6 km from centre,Yes,No,No
A&EM Phan Boi Chau,"VND 12,152,250",7.4,200 m from centre,Yes,No,Yes
Masteri Thao Dien Riverside Apartment,"VND 17,199,000",8.1,5.6 km from centre,Yes,No,No
Kin Hotel Thai Van Lung,"VND 28,397,875",9.0,1.1 km from centre,No,Yes,Yes
My Hotel,"VND 5,884,893",8.4,0.8 km from centre,No,Yes,No
Golden Sun Hotel Apartments 2,"VND 4,544,100",7.1,4.5 km from centre,Yes,No,No
Hoang Ha Boutique Hotel,"VND 6,750,000",8.3,4 km from centre,No,Yes,Yes
Landmark Urban Oasis Residences,"VND 10,808,160",8.6,3.6 km from centre,Yes,No,No
D1 Mension - Zenity Luxury Apartment - Rooftop Pool - Saigon Centre,"VND 19,278,000",7.9,1.3 km from centre,Yes,Yes,No
The Odys Boutique Hotel,"VND 17,625,600",8.5,300 m from centre,Yes,Yes,No
City By Night Ben Thanh Apartments,"VND 21,186,000",8.4,300 m from centre,Yes,No,No
Vika Homestay,"VND 6,030,000",8.7,1.6 km from centre,Yes,No,No
Yen Nam Hotel Nguyen Trong Tuyen,"VND 4,662,000",7.7,3.8 km from centre,Yes,No,No
The Art - Tina Hotel and Apartments,"VND 5,058,385",8.3,3.6 km from centre,No,Yes,No
Spring House Saigon central park,"VND 5,649,750",7.4,0.8 km from centre,Yes,No,No
Bong Sen Hotel Saigon,"VND 14,539,500",7.8,0.7 km from centre,Yes,Yes,Yes
Eden Star Saigon Hotel,"VND 24,199,560",8.6,1 km from centre,Yes,Yes,Yes
Nexus House Cây Điệp,"VND 9,794,000",8.8,1.9 km from centre,Yes,No,No
Huy Hoang 1 Hotel,"VND 2,997,000",7.1,6.9 km from centre,Yes,No,No
Liberty 2 Hotel,"VND 10,939,500",8.2,450 m from centre,No,Yes,Yes
Aurora Western Village,"VND 12,817,440",8.3,5.3 km from centre,Yes,No,No
LeBlanc Saigon,"VND 5,049,000",8.0,1.5 km from centre,Yes,No,No
May Soho Saigon Serviced Apartment,"VND 15,230,487",9.0,1 km from centre,Yes,No,No
Vilion Central Hotel & Spa,"VND 7,182,000",7.3,350 m from centre,Yes,No,No
Cactusland Hotel & Apartment,"VND 7,125,612",8.6,3.8 km from centre,No,Yes,No
Hoang Yen Hotel - Phu My Hung,"VND 4,509,000",8.2,4.3 km from centre,Yes,No,No
Park Hyatt Saigon,"VND 62,370,000",9.1,0.9 km from centre,No,Yes,No
Home Peace Home - District 1,"VND 5,098,650",8.5,1.4 km from centre,Yes,No,No
Green Star Hotel,"VND 5,915,745",7.3,0.9 km from centre,Yes,No,No
Everland The Landmark,"VND 11,092,500",10,3.9 km from centre,Yes,No,No
A25 Hotel - 06 Trương Định,"VND 10,264,498",8.1,0.9 km from centre,Yes,Yes,Yes
Jade Garden - Secret Courtyard in Saigon,"VND 9,702,904",9.2,1.8 km from centre,Yes,Yes,No
VICTORY SECC Hotel,"VND 6,878,115",7.4,5.5 km from centre,Yes,No,No
Yen Minh Resthouse,"VND 4,222,800",9.0,3.4 km from centre,Yes,No,No
Thiên Phát Hotel - SECC,"VND 3,645,000",6.9,4.6 km from centre,Yes,No,No
Louis Hotel - Bui Vien Walking Street,"VND 8,156,700",8.5,0.9 km from centre,Yes,No,No
EROS Hotel - Love Hotel,"VND 5,040,000",7.8,3.3 km from centre,Yes,No,No
Toi's Travel Home Central,"VND 3,612,000",8.1,0.7 km from centre,No,No,Yes
A25 Hotel - 274 Đề Thám,"VND 10,524,162",8.4,0.6 km from centre,Yes,Yes,Yes
The Hammock Hotel Ben Thanh,"VND 14,952,168",8.5,0.7 km from centre,No,Yes,Yes
Celine Living - Central,"VND 17,500,000",9.0,1.4 km from centre,Yes,No,No
Thiên Tài Hotel,"VND 5,400,000",7.3,1.5 km from centre,No,Yes,No
Minh House,"VND 4,050,406",9.2,1.8 km from centre,Yes,No,No
Glenwood City Resort,"VND 13,183,624",7.9,5.6 km from centre,Yes,No,No
A&EM Art Hotel,"VND 16,368,000",7.7,350 m from centre,Yes,No,Yes
THE QUEENDOR BOUTIQUE HOTEL,"VND 7,698,206",8.0,5.9 km from centre,No,Yes,Yes
Ngoi Sao Phuong Nam Hotel,"VND 3,923,500",8.3,11.3 km from centre,Yes,No,No
Galaxy Airport Hotel,"VND 5,872,500",8.1,5.6 km from centre,Yes,No,No
S79 Residences Suite 345 Apartment,"VND 5,720,780",10,2.1 km from centre,Yes,Yes,No
Giang Sơn Hotel江山民宿范五老区酒吧街胡志明市,"VND 5,040,000",7.8,0.9 km from centre,Yes,No,No
Huyen Homestay,"VND 6,706,800",8.5,1.7 km from centre,Yes,No,No
Nu Apartment in The Opera Residence,"VND 22,262,652",10,1.7 km from centre,Yes,No,No
Edoya Hotel Ben Thanh,"VND 18,619,050",7.7,250 m from centre,Yes,No,Yes
Hera Luxury Hotel,"VND 11,137,500",7.8,5.5 km from centre,Yes,Yes,Yes
Sunflower Luxury Hotel,"VND 25,585,875",7.6,1.1 km from centre,Yes,Yes,Yes
FF Homestay Evy House,"VND 6,196,500",8.3,450 m from centre,Yes,No,No
La Sonata Hotel,"VND 7,119,090",7.9,1 km from centre,No,Yes,Yes
The Lumiere near Tan Son Nhat Airport,"VND 4,354,793",6.9,7.2 km from centre,No,Yes,No
The One Premium Hotel,"VND 7,260,000",7.4,250 m from centre,Yes,No,No
Lumiere Luxury Condotel Suites,"VND 25,925,000",8.3,5.5 km from centre,No,Yes,No
Gia Vien Hotel,"VND 3,969,000",7.5,0.6 km from centre,Yes,No,No
Sao Nam Hotel - Bui Vien Walking Street,"VND 4,639,500",7.3,0.5 km from centre,Yes,No,No
Zenity Luxury Apartment - Jacuzzi - Saigon Centre,"VND 17,895,492",9.6,2.1 km from centre,Yes,No,No
An Lam Retreats Saigon River,"VND 71,805,336",9.2,11 km from centre,No,Yes,Yes
Valentine Boutique hotel - 29 Bui Vien street,"VND 5,878,125",7.0,0.7 km from centre,Yes,No,No
Hoa De Nhat Hotel- Sân Bay Tân Sơn Nhất,"VND 4,405,500",7.3,5.1 km from centre,Yes,No,Yes
Happy Land Hotel,"VND 5,686,200",7.0,300 m from centre,Yes,No,No
Eden Hotel,"VND 7,200,000",7.7,9.9 km from centre,Yes,No,No
Kim Hotel,"VND 5,544,000",9.0,0.6 km from centre,Yes,No,No
Avanti Boutique Hotel,"VND 10,404,000",7.1,250 m from centre,Yes,No,Yes
"SaiGon CoZy Hotel ""241 Pham Ngu Lao Street''","VND 7,020,000",8.6,0.8 km from centre,Yes,No,Yes
MIN' Apartment - Rivergate Residence Downtown Bui Vien - FREE POOL,"VND 10,098,000",8.9,1 km from centre,Yes,No,No
Tan Hoang Long Hotel,"VND 8,820,000",8.1,0.7 km from centre,Yes,No,No
Queen Ann Hotel,"VND 16,380,000",8.2,1 km from centre,Yes,No,No
Pearl Central Hotel- Near Nguyen Hue street,"VND 8,079,750",7.9,0.9 km from centre,No,Yes,Yes
YoKo Airport Saigon Hotel,"VND 4,275,000",7.3,5.6 km from centre,Yes,No,No
"Home, Cosy&Luxury Apartment - 5mins to Airport, Free Pool&Gym, Airport Pick up Service","VND 10,687,500",8.2,5.2 km from centre,No,Yes,No
"Luxury Gold Apartment 86 : D1- Mension , Rooftop Pool - District 1","VND 19,026,900",8.1,1.4 km from centre,Yes,Yes,No
Nu Hotel - 18 Bui Vien Walkstreet,"VND 5,336,100",7.6,0.5 km from centre,Yes,No,No
Spacious Central Apartments for Group and Family - Sailing Tower,"VND 32,490,000",8.8,1 km from centre,Yes,Yes,No
Jomo,"VND 13,950,000",8.6,2.4 km from centre,Yes,No,No
Đại Nam SG Hotel,"VND 7,312,800",7.7,1 km from centre,Yes,Yes,No
Giang Linh Hotel,"VND 4,649,400",7.2,450 m from centre,No,Yes,No
My Anh 120 Central Saigon Hotel Ben Thanh Market,"VND 4,374,000",6.6,0.7 km from centre,Yes,Yes,No
Panda Garden Hotel - Apartment,"VND 16,156,800",9.7,6.1 km from centre,Yes,No,No
Lancaster Ho Chi Minh Serviced Apartment Official,"VND 14,912,910",7.8,1.2 km from centre,Yes,Yes,No
Metropole VIP Luxury Apartment,"VND 18,933,750",10,1.7 km from centre,Yes,No,No
GRAD Crowne Hotel Bui Vien,"VND 3,858,955",6.9,0.8 km from centre,Yes,No,No
Tuan Long Hotel,"VND 3,530,800",8.0,4.6 km from centre,No,Yes,No
HANZ Premium Friday Saigon Hotel,"VND 6,566,411",None,2.9 km from centre,Yes,Yes,No
Golden Sun Apartment & Hotel,"VND 11,304,919",9.4,5.4 km from centre,Yes,Yes,No
SoLex Hotel,"VND 9,845,550",8.1,6.9 km from centre,No,Yes,Yes
Usagiyah Hotel & Guest House,"VND 7,920,000",9.3,1.5 km from centre,Yes,No,Yes
Aiden Saigon Hotel,"VND 10,136,520",8.2,8.3 km from centre,No,Yes,Yes
MK Studio - Liên Phuong - District 9,"VND 4,215,150",8.6,10.8 km from centre,No,Yes,No
El Ocaso Boutique Hotel,"VND 7,217,100",9.6,4.6 km from centre,Yes,No,No
Vintage Park View Hotel & Spa - Hoang Phi,"VND 7,182,000",7.0,0.9 km from centre,Yes,No,No
Kin Hotel Đông Du,"VND 15,038,578",8.6,0.9 km from centre,No,Yes,Yes
Cactusland Hotel Tan Binh,"VND 5,073,000",8.8,6.7 km from centre,No,Yes,No
Airport Saigon Hotel - Gần ẩm thực đêm chợ Phạm Văn Hai,"VND 7,672,500",7.9,4.7 km from centre,Yes,Yes,No
K&T Hotel - Sân Bay Tân Sơn Nhất,"VND 4,500,000",7.9,4.4 km from centre,Yes,No,No
Dinh Phat Hotel,"VND 4,950,000",7.0,300 m from centre,Yes,No,No
Yu Stay Lux and Cozy 2Bedrs in Soho Residence near Bui Vien walking street,"VND 13,870,000",8.6,1 km from centre,Yes,No,No
A25 Hotel - 35 Mạc Thị Bưởi,"VND 10,689,184",8.2,0.8 km from centre,Yes,Yes,Yes
Sunny Guesthouse,"VND 6,480,000",8.7,0.7 km from centre,Yes,Yes,No
Lotus Hotel Nguyễn Phi Khanh Q1,"VND 5,632,740",7.5,2.3 km from centre,No,Yes,No
Sky Gem Hotel - Ben Thanh,"VND 13,360,001",7.7,400 m from centre,Yes,Yes,Yes
The Suite Landmark Saigon Riverside Apartment,"VND 22,785,300",7.5,3.6 km from centre,Yes,No,No
MICASA HOTEL,"VND 6,250,000",7.3,3.9 km from centre,Yes,No,No
GK Central Hotel,"VND 13,539,825",8.2,300 m from centre,Yes,Yes,No
Văn Hoa Hotel,"VND 5,850,000",8.4,4.3 km from centre,Yes,No,No
A25 Hotel - 277 Lê Thánh Tôn,"VND 11,489,956",8.2,300 m from centre,Yes,No,Yes
Mai Phương - RUBY SAIGON HOTEL,"VND 3,672,270",8.2,6.3 km from centre,Yes,No,No
Woody House Boutique,"VND 9,900,000",8.7,1.4 km from centre,Yes,Yes,No
Sunrise Central Hotel,"VND 8,401,414",7.2,300 m from centre,Yes,Yes,No
Quỳnh Hương Hotel Phú Nhuận,"VND 5,004,800",6.6,3.7 km from centre,Yes,No,No
Leaf Signature Hotel - Lá Group,"VND 7,803,000",8.4,1.7 km from centre,Yes,Yes,No
Ngoc Linh Hotel,"VND 3,609,000",7.2,5.3 km from centre,Yes,No,No
Nanwa House,"VND 5,355,000",8.8,1.3 km from centre,Yes,No,No
Saigon City Residence,"VND 12,354,750",5.5,1.1 km from centre,Yes,Yes,No
Dancentre Luxury Apartment Near SECC formerly Emerald Hotel & Apartment,"VND 6,712,065",None,4.9 km from centre,Yes,No,No
LANDMARK 81 CONDOTEL CBD in HCMC,"VND 34,425,000",8.0,3.7 km from centre,No,Yes,No
A25 Hotel - 167 Phạm Ngũ Lão,"VND 9,005,081",8.1,0.5 km from centre,Yes,Yes,Yes
Chez Mimosa Corner - New address 90 Đề Thám,"VND 12,563,100",9.0,0.8 km from centre,Yes,Yes,Yes
Botanic House Saigon,"VND 5,771,250",7.7,250 m from centre,Yes,Yes,No
Tropical House,"VND 4,606,000",7.1,3.1 km from centre,Yes,Yes,No
Hotel L'Odéon Phu My Hung,"VND 9,112,500",7.7,4.6 km from centre,Yes,No,No
ROSA ZEN Hotel Spa,"VND 8,100,000",7.1,0.8 km from centre,Yes,No,Yes
S79 MyMy Hotel 2,"VND 7,387,211",None,3.3 km from centre,Yes,Yes,No
Collection O Havana Airport Hotel,"VND 31,369,647",7.4,5.6 km from centre,No,Yes,No
SILA Urban Living,"VND 23,785,125",9.0,1.4 km from centre,Yes,Yes,No
Nhat Ha L’Opera Hotel,"VND 29,610,000",8.4,1 km from centre,No,Yes,Yes
Chillaxroom,"VND 29,700,000",8.8,1.4 km from centre,Yes,Yes,No
Ben Thanh Inn - M&A,"VND 6,378,750",8.4,450 m from centre,No,Yes,No
Ace Hotel Ben Thanh,"VND 7,424,400",6.3,300 m from centre,Yes,Yes,No
La Airport Tan Binh Hotel,"VND 6,299,996",7.1,5.9 km from centre,No,Yes,No
M&H Lux Hotel,"VND 9,870,000",7.6,200 m from centre,Yes,Yes,No
Lucky Star Hotel - Ben Thanh,"VND 7,181,460",7.1,0.9 km from centre,Yes,No,No
Maison Royale,"VND 4,680,000",9.1,2.4 km from centre,Yes,No,No
Common Inn Thao Dien,"VND 8,668,102",8.6,5.1 km from centre,No,Yes,No
Ben Thanh Station Hotel,"VND 6,435,000",7.8,400 m from centre,Yes,No,No
MDHOTEL 2,"VND 2,532,000",6.9,12 km from centre,Yes,No,No
HANZ 82 Sen Hotel,"VND 4,268,169",1.0,0.6 km from centre,Yes,Yes,No
Capsule Riverside,"VND 5,670,000",7.9,1.1 km from centre,Yes,No,No
Saigon Apartments 2,"VND 4,104,000",9.1,3.3 km from centre,Yes,Yes,No
DREAM HOUSE,"VND 4,320,000",8.8,4.8 km from centre,Yes,No,No
Prague Saigon Airport Hotel,"VND 6,318,000",8.4,5.6 km from centre,Yes,No,No
La Casa Di Dicembre HCMC,"VND 3,995,000",9.0,2.5 km from centre,Yes,No,No
Milestone Premium Boutiqute Hotel,"VND 11,953,980",8.5,200 m from centre,No,Yes,No
"Jessica's home in Soho Recidence, District 1","VND 18,088,000",8.9,0.9 km from centre,Yes,No,No
Ngoc Minh Hotel,"VND 6,480,000",8.0,0.9 km from centre,Yes,No,No
Hotel Initial-Benthanh,"VND 15,588,405",8.8,350 m from centre,Yes,No,No
Phong Lan 2 Hotel,"VND 4,905,601",8.0,11.2 km from centre,No,Yes,No
Ngan Ha 2 Apartment,"VND 12,420,000",9.4,4.4 km from centre,Yes,No,No
Great View Vinh Hoi Apartment,"VND 16,799,314",10,1.8 km from centre,Yes,No,No
Hidden Mansions Saigon Resort,"VND 7,858,620",7.8,9.5 km from centre,No,Yes,No
Thanh Long Hotel - Bach Dang,"VND 8,707,500",8.4,5.5 km from centre,Yes,No,Yes
Thành Vinh Hotel & Apartment,"VND 4,152,970",7.7,9.5 km from centre,No,No,No
The Alley Saigon Hotel,"VND 5,030,100",7.8,0.9 km from centre,Yes,Yes,No
Kansas Hotel & Apartment - Notre Dame,"VND 4,801,680",7.3,1.2 km from centre,Yes,No,No
Start House DORM Walk 5 Minutes to the Airport,"VND 2,880,000",8.3,5.9 km from centre,Yes,No,No
HANZ Saigon Garden Hotel,"VND 4,810,811",1.0,2.9 km from centre,Yes,Yes,No
LILA Hotel & Apartments,"VND 8,748,000",9.2,4.5 km from centre,Yes,No,No
The Rixx Ben Thanh Tower - The One Saigon,"VND 13,770,000",7.0,350 m from centre,Yes,No,No
Saigon Sky Garden Serviced Apartments,"VND 25,200,000",8.9,1.3 km from centre,Yes,No,No
Golden Star Hotel,"VND 10,732,500",7.1,1 km from centre,Yes,No,Yes
The Saigon Central Hotel,"VND 5,520,000",8.9,0.8 km from centre,Yes,No,No
"Cozy studio near Le Van Tam park, Dakao, District 1","VND 4,455,000",9.0,2.1 km from centre,Yes,No,No
Midtown Premium Apartments,"VND 21,606,750",9.2,6 km from centre,Yes,No,No
Gia Hoa Airport Hotel,"VND 4,213,440",7.3,5.6 km from centre,Yes,No,No
Qhome,"VND 6,060,232",7.4,2.2 km from centre,Yes,No,No
Vissai Saigon Hotel,"VND 16,804,260",7.4,4.5 km from centre,Yes,No,No
Thai Van Home,"VND 3,078,000",9.1,4.7 km from centre,Yes,No,No
AHA Residence Hotel,"VND 6,791,040",6.8,3.2 km from centre,Yes,Yes,Yes
Cao Gia Hải,"VND 3,335,400",8.5,7 km from centre,Yes,Yes,No
REDFLOWER HOTEL,"VND 5,624,993",7.5,2.4 km from centre,Yes,No,No
Express by M Village Global City,"VND 5,794,620",9.4,9.1 km from centre,Yes,No,No
Anam Homestay,"VND 8,569,071",9.0,400 m from centre,Yes,No,No
Mersey Central Saigon Apart'Hotel,"VND 8,118,792",8.3,0.6 km from centre,Yes,Yes,No
Van Ha Hotel,"VND 4,163,991",7.2,7 km from centre,Yes,No,No
Cozrum Lux - Sonata Imperial,"VND 5,984,182",8.3,5.1 km from centre,No,Yes,No
Fide Hotel,"VND 7,560,000",9.2,5 km from centre,No,Yes,No
BAP.Homestay,"VND 3,427,200",8.2,9.2 km from centre,No,Yes,No
Lá Hotel Bình Tân,"VND 4,130,995",7.3,9.5 km from centre,No,Yes,No
Anh Thien Sai Gon Central Hotel - District 1,"VND 5,526,900",7.5,450 m from centre,Yes,No,No
Signature Lumiere Stay Riverside - District 2,"VND 12,960,000",10,6.6 km from centre,Yes,No,No
Thanh Long Hotel - Tra Khuc,"VND 8,540,865",8.3,5.2 km from centre,Yes,Yes,Yes
Louis House,"VND 5,488,000",7.8,3.2 km from centre,No,Yes,No
Anna Premier Apartment Ho Chi Minh 2,"VND 4,354,560",8.7,3 km from centre,Yes,No,No
MG Daisy,"VND 3,907,440",9.6,300 m from centre,Yes,No,No
Taibo house 2,"VND 3,180,000",8.2,250 m from centre,Yes,No,No
PIANO HOTEL,"VND 9,180,000",9.0,400 m from centre,Yes,No,No
Bunny - Valentine Hotel - Bui Vien Street,"VND 6,001,875",7.3,0.7 km from centre,Yes,No,No
Sky Gem Central Hotel,"VND 17,134,201",7.9,1 km from centre,Yes,Yes,Yes
"Gold hotel, Saigon","VND 7,071,300",7.9,350 m from centre,Yes,Yes,No
New Space Hotel Airport,"VND 7,262,079",7.1,5.6 km from centre,Yes,Yes,Yes
Cozrum Homes The Gallery Residence,"VND 7,835,838",6.9,4.2 km from centre,No,Yes,No
"Airport pick up free, deal lại giá khi thuê dài hạn","VND 7,722,000",10,1.7 km from centre,Yes,No,No
khách sạn Thiên Cung,"VND 4,996,000",7.2,6.1 km from centre,Yes,No,No
CROWNE BUI VIEN Hotel,"VND 3,367,080",6.9,0.8 km from centre,Yes,No,No
Royal Dragon Boutique Hotel Tan Binh,"VND 10,092,600",8.3,5.1 km from centre,Yes,Yes,No
NEW LAND Apartment 15 - Tan Thuan Tay,"VND 3,529,500",7.4,3.3 km from centre,Yes,No,No
Nhat Ha 1 Hotel,"VND 13,595,305",8.5,250 m from centre,No,Yes,Yes
Vinhomes central park apartments - The central -The park -The landmark,"VND 13,500,001",9.2,3.5 km from centre,Yes,No,No
Amory Hotel Saigon Center,"VND 6,316,000",7.2,1.2 km from centre,Yes,No,Yes
Thuong Hai Hotel,"VND 3,150,000",7.1,4 km from centre,Yes,No,No
Qcub3 Homestay,"VND 6,156,000",9.0,1.5 km from centre,Yes,No,No
A25 Hotel - 307 Lý Tự Trọng,"VND 8,551,349",8.1,450 m from centre,Yes,Yes,Yes
Spacious Apartment in District 7,"VND 39,690,000",7.5,2.9 km from centre,No,Yes,No
Premium Home City View - Free Airport Pick Up,"VND 10,174,500",9.0,1.8 km from centre,Yes,No,No
SONG APARTMENT 1,"VND 4,500,000",8.4,4.5 km from centre,Yes,No,No
AnThai Saigon Hotel,"VND 13,320,000",7.1,300 m from centre,Yes,Yes,Yes
Le Fig Home,"VND 4,500,000",8.5,1.7 km from centre,Yes,No,No
VND HOTEL,"VND 3,115,200",4.8,4 km from centre,Yes,No,No
Thai Van Home,"VND 3,402,000",9.1,4.7 km from centre,No,Yes,No
Covent Garden Hotel,"VND 8,820,000",8.4,400 m from centre,Yes,Yes,No
Cozrum Homes - Saphera Residence,"VND 4,620,510",6.6,1.5 km from centre,No,Yes,No
Anh Duy Hotel - Nguyễn Công Trứ The Bitexco Neighbour,"VND 4,273,335",7.1,0.5 km from centre,Yes,No,No
Elite Landmark Plus Saigon Riverside,"VND 10,584,000",7.5,3.6 km from centre,Yes,No,No
Scenic Valley Suite,"VND 16,353,815",7.9,4.9 km from centre,No,Yes,No
Saigon Sirius,"VND 9,386,000",8.5,1 km from centre,Yes,Yes,No
Khách Sạn Hoàng Hà,"VND 3,150,000",6.8,2.9 km from centre,Yes,No,No
Spring Airport Hotel,"VND 4,950,000",7.1,5.6 km from centre,Yes,No,No
The Airport Hotel,"VND 7,110,180",7.1,5.6 km from centre,Yes,No,Yes
B-HOMEAWAY,"VND 3,420,000",5.4,1.4 km from centre,Yes,No,No
Affordable Homestay,"VND 2,700,000",7.5,1.3 km from centre,Yes,No,No
Belvilla Comfort Stays Near SECC formerly Cozy Hotel,"VND 5,614,604",7.4,4.4 km from centre,Yes,Yes,No
Mira Moon - Calmette,"VND 7,866,000",8.3,0.5 km from centre,Yes,Yes,No
Bonita Grand Hotel,"VND 4,104,000",7.4,2.7 km from centre,Yes,No,No
Start House COLIVING Walk 5 minute to the airport,"VND 6,120,000",8.4,5.9 km from centre,Yes,No,No
Soho Apartments - 5-Min-Waling To HCMC Heart,"VND 8,323,500",7.5,1 km from centre,Yes,No,No
Romance Hotel,"VND 5,050,000",9.8,12.6 km from centre,No,No,No
A25 Hotel - 75 Lê Thị Hồng Gấm,"VND 8,373,199",8.0,350 m from centre,Yes,Yes,Yes
NGAN HA Hotel,"VND 3,330,000",7.3,3.9 km from centre,Yes,No,No
YÊN HOUSE,"VND 3,450,000",8.0,4.6 km from centre,Yes,No,No
Bien Sao Hotel,"VND 3,354,884",10,9.3 km from centre,No,Yes,No
The Dragon Gold Landmark - Ho Chi Minh City,"VND 11,025,000",10,3.6 km from centre,Yes,No,No
Vinhomes Central Park Apartment - Landmark Plus Luxury,"VND 15,078,456",10,3.5 km from centre,Yes,No,No
Collection O District 10 Near Van Hanh Hospital Formerly Lan Rung Hotel,"VND 7,085,351",8.7,2.9 km from centre,Yes,No,No
MAY'S HAPPY HOUSE,"VND 4,491,000",9.2,5.3 km from centre,Yes,No,No
Hue My Hotel,"VND 5,997,600",8.0,3.6 km from centre,No,Yes,No
Nikko Hotel - The Classy Life,"VND 9,582,300",9.4,5.1 km from centre,Yes,No,No
Vyan Lux Hotel,"VND 8,100,000",8.1,8 km from centre,Yes,No,No
Cozy studio in Phu Nhuan District near District 1,"VND 4,491,000",9.4,4 km from centre,Yes,No,No
Saigon Chill Hostel,"VND 9,900,000",8.9,0.5 km from centre,Yes,No,Yes
An Corner - Apartment Vinhomes Central Park,"VND 12,617,451",8.6,3.5 km from centre,Yes,No,No
Ohio Hotel & Apartment,"VND 6,239,025",7.0,1.7 km from centre,No,No,No
LalaHouse Riverside Residence,"VND 4,394,250",8.5,2.3 km from centre,Yes,No,No
Hoa Phat Hotel & Apartment,"VND 8,059,500",7.7,8.9 km from centre,Yes,No,No
Four P Apartment Binh Thanh,"VND 4,928,036",8.7,2.3 km from centre,Yes,No,No
Spotlight Hotel,"VND 5,265,000",7.7,1.1 km from centre,Yes,Yes,Yes
Saigon Luxury Hotel,"VND 8,037,000",8.4,0.6 km from centre,No,Yes,No
Beautiful Buivien Hotel,"VND 4,584,000",5.3,0.6 km from centre,Yes,No,No
căn hộ Lý Chính Thắng,"VND 4,500,000",8.9,2.2 km from centre,Yes,No,No
Premium Hotel Lumiere,"VND 7,249,500",7.7,450 m from centre,Yes,No,No
Grand Matterhorn Hotel,"VND 6,129,270",8.1,0.8 km from centre,No,Yes,No
Sunrise City View,"VND 10,692,000",8.0,3 km from centre,No,Yes,No
Cozrum Homes - Selina Residence,"VND 5,299,360",6.4,3 km from centre,No,Yes,No
A&E Guesthouse,"VND 4,455,000",8.7,0.9 km from centre,Yes,No,No
NTA Hotel - Serviced Apartments,"VND 39,600,000",8.8,1.8 km from centre,Yes,No,No
Sunrise City 3 Bed Room Full Furniture,"VND 25,875,000",7.0,3.2 km from centre,Yes,No,No
Otis Aparthotel Phu Nhuan Rooftop View,"VND 5,508,000",8.3,3.5 km from centre,Yes,No,No
Ngọ house,"VND 3,600,000",8.0,4.9 km from centre,Yes,No,No
GEM Apartment,"VND 9,072,405",8.8,7.2 km from centre,No,Yes,No
Happy Home,"VND 4,475,030",8.2,4.2 km from centre,No,Yes,No
CÁT PHÚC HOTEL,"VND 3,600,500",8.0,6.7 km from centre,Yes,No,No
Morden LeParc Hotel & Spa,"VND 6,925,500",8.2,300 m from centre,No,Yes,No
The Vinhomes Central Park Apartments - The Buildings Surrounding Landmark 81,"VND 13,500,001",9.0,3.5 km from centre,Yes,No,No
Kandy in Rivergate Luxury Apartment - near Ben Thanh market,"VND 15,150,000",8.9,1 km from centre,Yes,No,No
LANDMARK 81 - Vinhome Central Park,"VND 26,662,500",4.5,3.7 km from centre,Yes,Yes,No
New Sunny 1 Hotel Q7 by BAY LUXURY,"VND 12,708,900",10,4.6 km from centre,No,Yes,No
Sài Gòn Hotel Bình Tân,"VND 4,599,000",7.8,8.8 km from centre,Yes,No,No
Vania House,"VND 4,860,000",8.7,7.7 km from centre,Yes,No,No
B & K Hotel - District 10,"VND 4,560,900",7.0,3.8 km from centre,Yes,No,No
The Landmark And The Park Luxury Apartment of Vinhomes,"VND 13,500,000",10,3.5 km from centre,Yes,No,No
Sky House,"VND 3,204,000",9.4,1 km from centre,No,Yes,No
M Village Living Lê Văn Sỹ,"VND 7,806,240",8.6,3 km from centre,No,Yes,No
Hotel Trung Mai-Tân Bình,"VND 3,220,000",8.3,5.8 km from centre,Yes,No,No
Masteri Thao Dien,"VND 10,935,000",8.1,5.6 km from centre,Yes,No,No
An Bình Hotel,"VND 4,078,980",9.0,13.5 km from centre,Yes,No,No
Lucy House - Lunaria Maison Ltd,"VND 3,582,612",7.4,1.4 km from centre,No,Yes,No
Sunny Guesthouse2,"VND 6,480,000",8.5,0.8 km from centre,Yes,Yes,No
"Le House - 1 Btw airport and D1 center, fast wifi and check-in 24-7","VND 3,231,900",8.7,4.1 km from centre,Yes,No,No
Sabina Residence - Stellar Boutique Hotel,"VND 9,485,082",8.8,4.6 km from centre,Yes,No,Yes
Express by M Village Điện Biên Phủ Q3,"VND 7,965,360",7.9,1.7 km from centre,Yes,No,No
Haven Hut Riverside Hotel,"VND 4,929,824",8.1,2.2 km from centre,Yes,Yes,No
"Khánh Nguyễn Luxury Apartment, balcony street view, large bathtub","VND 7,199,991",9.4,5.7 km from centre,Yes,No,No
Ola's Home,"VND 3,420,000",9.7,6.5 km from centre,Yes,No,No
Cherry Central Hotel- Near Opera House,"VND 8,055,450",7.4,1.1 km from centre,Yes,No,Yes
Warm Nest,"VND 4,890,600",9.2,3.7 km from centre,Yes,Yes,No
Central Apartel-SG's Heart & Ben Thanh Market Area,"VND 9,000,000",9.6,0.5 km from centre,Yes,No,No
LalaHouse Summer Park,"VND 8,143,190",7.5,3.6 km from centre,No,Yes,No
Ngõ Saigon Homestay,"VND 3,690,000",8.2,0.8 km from centre,Yes,No,No
The Vinhomes apartments - The Buildings Nearby Landmark 81,"VND 13,500,000",10,3.5 km from centre,Yes,No,No
Khách sạn Bamboo Sài gòn,"VND 7,938,000",7.3,3.6 km from centre,Yes,No,Yes
Nguyen Le Home & Coffee,"VND 11,376,000",9.9,1.9 km from centre,Yes,No,No
Thao Dien Coliving,"VND 4,050,000",9.4,5.2 km from centre,Yes,No,No
HANAN home at Saigon downtown,"VND 11,340,000",8.6,0.9 km from centre,Yes,No,No
Loan Võ hostel,"VND 7,209,000",9.0,0.6 km from centre,Yes,No,No
Homestay 37 AD,"VND 3,240,000",9.1,4.2 km from centre,Yes,No,No
"Chill 1BR Lexington with bathtub near Estella, D2","VND 10,395,000",9.1,6.6 km from centre,Yes,Yes,No
Lè Métropole Saigon,"VND 19,237,500",7.6,1.7 km from centre,No,Yes,No
Chotel Ben Thanh,"VND 10,699,425",7.9,0.8 km from centre,No,Yes,No
Mơ Mơ Residence,"VND 6,220,000",9.2,3.3 km from centre,Yes,No,No
TN Central Hotel,"VND 4,800,000",6.0,0.9 km from centre,Yes,No,No
MG Rosé Boutique Hotel,"VND 4,490,180",7.6,0.9 km from centre,Yes,No,No
Bi Saigon Hotel,"VND 5,737,500",7.2,0.6 km from centre,Yes,No,No
Trường Chính Sách Công Và Phát Triển Nông Thôn,"VND 5,686,200",7.7,1.6 km from centre,No,Yes,No
Jasmine Hotel,"VND 5,794,875",8.4,0.9 km from centre,Yes,No,No
Cozrum - Love Hotel Trần Thị Nghỉ,"VND 3,306,005",9.0,6.5 km from centre,No,Yes,No
SAZI BEN THANH Hotel HCM,"VND 14,384,304",7.1,150 m from centre,Yes,Yes,No
SAZI Church View Home HCM,"VND 7,708,800",7.0,1 km from centre,Yes,Yes,No
Andy's House,"VND 5,278,500",8.3,1.4 km from centre,Yes,Yes,No
Homestay Fairy's House,"VND 2,520,000",8.1,3.8 km from centre,Yes,No,No
Rooms House,"VND 6,006,000",10,3.4 km from centre,Yes,No,No
Thao Dien Apartment,"VND 7,087,500",8.0,5.2 km from centre,Yes,No,No
Bin Bin Hotel 7 - Near TON DUC THANG University,"VND 6,466,800",8.3,3 km from centre,Yes,No,No
Kim's studio,"VND 3,296,700",9.0,1.4 km from centre,Yes,No,No
HANZ Saigon Garden Hotel,"VND 4,810,811",None,3.1 km from centre,Yes,Yes,No
My Villa Hotel - Airport,"VND 8,550,000",6.1,5.5 km from centre,Yes,No,No
Hotel GreenRiver,"VND 8,415,000",8.4,300 m from centre,Yes,No,No
DLux Saigon Condo,"VND 4,140,000",6.0,3.3 km from centre,Yes,No,No
CT apartment at Rivergate residence D4,"VND 12,825,000",8.8,1 km from centre,Yes,No,No
MQ Apartment District 1,"VND 4,746,519",8.4,1.7 km from centre,Yes,Yes,No
BA TAM VU SUA Homestay,"VND 8,634,843",9.1,1.8 km from centre,Yes,Yes,No
THANH TAI HOTEl 1,"VND 4,764,708",8.3,9.1 km from centre,Yes,No,Yes
Cozy Haven Apartment - Vinhomes Central Park,"VND 11,310,975",9.7,3.5 km from centre,Yes,No,No
Ahu Homestay,"VND 3,207,600",8.2,0.7 km from centre,Yes,No,No
Mai Guest House,"VND 3,150,000",7.9,0.8 km from centre,Yes,No,No
Express by M Village Nguyễn Văn Thủ,"VND 8,934,120",8.6,1.7 km from centre,No,Yes,No
Gemini Saigon BOUTIQUE,"VND 5,158,012",7.2,0.7 km from centre,Yes,No,No
StayX Condotel scenic valley 2,"VND 14,850,000",9.7,5 km from centre,Yes,No,No
ThanhLong HOSTEL & DROM,"VND 2,655,000",7.2,0.9 km from centre,Yes,No,No
Saigon CBD Apartment - Infinity Pool,"VND 9,450,000",9.4,1 km from centre,Yes,Yes,No
Vinhomes central park Lotus apartment - Căn hộ dịch vụ cho thuê,"VND 9,830,400",9.2,3.6 km from centre,Yes,No,No
WIN hotel & Apartment,"VND 3,967,380",9.6,4.4 km from centre,Yes,No,No
Michael Apartment Scenic Valley,"VND 15,264,000",7.4,5.6 km from centre,No,Yes,No
Lucky hotel,"VND 3,105,000",7.6,9 km from centre,No,Yes,No
Landmark 81 Luxury Romantic Apartment,"VND 49,005,000",10,3.5 km from centre,Yes,No,No
Hotel thanh vinh,"VND 3,600,000",7.9,3.8 km from centre,Yes,No,No
Midtown Apartments by Saigon - Phú Mỹ Hưng,"VND 21,607,560",9.0,6.1 km from centre,Yes,No,No
Edoya hotel Dong Khoi,"VND 11,160,000",8.1,1 km from centre,Yes,Yes,No
Urban Escape in Central Park,"VND 13,500,000",10,3.5 km from centre,Yes,No,No
Sunny Romantic Apartment Saigon,"VND 9,057,600",7.2,3.8 km from centre,Yes,No,No
Elegant Feel Inn - M&A,"VND 4,989,600",7.9,450 m from centre,Yes,No,No
Linh Ngọc Châu Hotel,"VND 2,534,135",8.8,12.3 km from centre,Yes,No,No
LUCASTA SAIGON Hotel,"VND 8,955,000",8.0,2.1 km from centre,Yes,No,No
MQ Village - Sky View Homestay,"VND 5,474,015",9.0,2.8 km from centre,Yes,Yes,No
Saigon Rooftops Hostel,"VND 12,240,000",9.2,1.2 km from centre,Yes,Yes,No
Thuỳ Trang Hotel,"VND 2,821,500",6.9,10.4 km from centre,Yes,No,No
Cali Homestay,"VND 4,607,280",8.4,4.1 km from centre,No,No,No
HANZ T68 Hotel Saigon,"VND 4,822,211",None,9.8 km from centre,Yes,Yes,No
The Western Capital Apartment,"VND 6,196,500",7.3,8.6 km from centre,No,Yes,No
Ohana Hotel - Near Bitexco,"VND 5,044,500",7.2,0.5 km from centre,Yes,Yes,No
QUANG SAIGON Hotel- 40-7 Bùi Viện-Walking street,"VND 5,557,500",7.8,0.6 km from centre,Yes,Yes,No
"HCMC Apartel - Bui Vien Street Area, Central Location","VND 11,054,250",9.7,1 km from centre,Yes,No,No
M Village Living Hoàng Văn Thụ,"VND 7,898,670",8.6,4.2 km from centre,No,Yes,No
Line Hotel,"VND 4,570,000",8.3,0.9 km from centre,Yes,No,No
LalaHouse Spring Apartment - Saigon Center,"VND 8,943,129",8.4,450 m from centre,Yes,Yes,No
Cityhouse - LightHouse SG,"VND 10,732,500",8.3,1.2 km from centre,Yes,No,No
M Village Hotel Premier Thi Sách,"VND 13,806,000",8.6,1 km from centre,Yes,No,No
Hotel Eros - Phan Huy Ích,"VND 3,111,000",7.7,10.1 km from centre,Yes,No,No
"IMPERIAL PLACE - NATURAL POEM View đẹp - hồ bơi, gym miễn phí","VND 4,536,000",8.8,10.5 km from centre,Yes,No,No
Sabina Boutique Hotel 2,"VND 16,992,990",8.5,4.6 km from centre,No,Yes,Yes
Alagon D'antique Hotel & Spa,"VND 17,065,874",8.3,450 m from centre,Yes,Yes,Yes
ICASA Serviced Apartment,"VND 8,712,000",8.8,5.4 km from centre,Yes,No,No
Luxury apartment at central,"VND 15,714,000",10,2.1 km from centre,Yes,No,No
GRAND HOTEL du LAC Boutique Saigon,"VND 28,431,000",9.8,200 m from centre,No,Yes,Yes
Bin Home near Airport,"VND 4,725,000",8.0,5.3 km from centre,Yes,No,No
Khách Sạn Hải Miên,"VND 3,540,555",6.0,7.2 km from centre,Yes,Yes,No
Elvita Landmark Luxury Residence,"VND 15,592,500",6.3,3.6 km from centre,Yes,Yes,No
Huong Mai Ga Sai Gon,"VND 4,950,000",7.5,2.4 km from centre,Yes,No,No
Căn hộ tách bếp đầy đủ nội thất,"VND 6,840,000",9.8,2.1 km from centre,Yes,No,No
YÊN LIVING BÌNH THẠNH,"VND 10,098,000",8.7,3.1 km from centre,Yes,Yes,No
Ly Ly Hotel 2,"VND 11,403,000",8.9,10 km from centre,Yes,No,No
Baoanh Hostel,"VND 3,357,000",8.9,0.7 km from centre,Yes,No,No
Đông Như 5 Hotel,"VND 5,130,000",8.5,8.8 km from centre,Yes,No,No
The Hammock Hotel Global City,"VND 6,998,400",8.7,8 km from centre,No,No,Yes
Helios Riverside Apartment,"VND 22,032,000",6.9,1 km from centre,Yes,No,No
Golden Uc Chau House & Spa,"VND 3,213,000",6.8,2.8 km from centre,Yes,No,No
Kim Apartment - Cozy 1BR for Couples in Thảo Điền,"VND 6,320,160",9.9,5.2 km from centre,No,Yes,No
Landmark Plus Condotel Suite,"VND 12,811,920",8.3,3.7 km from centre,Yes,No,No
Diamond Boutique Hotel,"VND 6,454,688",7.5,4.5 km from centre,Yes,No,No
CIRCADIAN Industrial Studios on Nguyen Hue,"VND 10,899,008",8.9,0.7 km from centre,Yes,Yes,No
Thanh Binh Premium Hotel,"VND 3,600,000",8.0,9.1 km from centre,Yes,No,No
Vinhomes Apartments Serviced,"VND 11,173,032",8.6,3.5 km from centre,Yes,No,No
S79 Residences 345AB Apartment,"VND 4,719,644",10,1.5 km from centre,Yes,Yes,No
CIRCADIAN Serene Two-Bedroom Apartment,"VND 14,167,616",9.4,2 km from centre,Yes,Yes,No
Elisa Boutique Saigon Hotel,"VND 7,128,000",8.0,4.2 km from centre,Yes,No,No
Cupid Hotel 2,"VND 4,999,500",8.2,3 km from centre,Yes,No,No
Minh Tam Hotel and Spa,"VND 5,702,400",7.4,6.6 km from centre,No,Yes,No
Hoa My Hotel,"VND 2,044,845",6.8,8.2 km from centre,Yes,No,No
Nam Hy 1 Hotel,"VND 6,300,000",9.0,3 km from centre,Yes,No,No
Motel Victoria,"VND 5,737,500",6.5,5.8 km from centre,Yes,No,No
Akari happy home,"VND 7,695,000",10,11.4 km from centre,Yes,No,No
Four P Homestay Binh Thanh,"VND 5,565,780",8.8,2.4 km from centre,Yes,Yes,No
Lucky Home - Căn hộ 2 phòng ngủ ngay siêu thị Aeon Mall Tân Phú đầy đủ nội thất và có Internet,"VND 11,299,500",9.4,9.6 km from centre,Yes,No,No
Giang Hotel,"VND 2,718,000",6.5,0.6 km from centre,Yes,No,No
S79 Residences Yaya Bui Vien,"VND 5,808,392",None,0.6 km from centre,Yes,Yes,No
Long Home 2 - B01,"VND 3,645,000",7.4,2.4 km from centre,Yes,Yes,No
M Village Hotel Tôn Thất Đạm,"VND 17,220,000",8.5,500 m from centre,Yes,No,No
SAZI RESIN HOTEL Bui Thi Xuan,"VND 10,611,040",6.7,0.8 km from centre,Yes,No,No
S Lux Apartment 5 mins walking in central,"VND 11,182,500",9.6,1 km from centre,Yes,No,No
The HUB Hotel - Airport,"VND 12,247,200",8.6,5 km from centre,Yes,No,Yes
Cỏ homestay SaiGon,"VND 6,639,075",8.6,1 km from centre,Yes,No,No
S79 Residences Yaya,"VND 5,488,931",None,0.5 km from centre,Yes,Yes,No
Khách Sạn Vy Hà,"VND 2,880,000",6.5,4.1 km from centre,Yes,No,No
Feli Home 1 - Close to Landmark 81,"VND 2,896,800",7.2,3.4 km from centre,Yes,No,No
Sky Center Near Airport,"VND 5,850,000",7.5,5.2 km from centre,Yes,No,No
Arista 5 - Serviced Apartment,"VND 5,272,000",7.5,1.4 km from centre,Yes,No,No
THANH NGỌC HOTEL,"VND 3,280,500",4.1,4.8 km from centre,No,Yes,No
M Village Hotel Lý Tự Trọng,"VND 12,425,400",8.8,350 m from centre,No,Yes,No
Thao Nhi Hotel,"VND 4,950,000",8.2,0.6 km from centre,Yes,No,No
Vinhomes Luxury Haven,"VND 13,500,000",10,3.5 km from centre,Yes,No,No
Thanh Lan Hotel,"VND 4,230,000",7.6,4 km from centre,Yes,No,No
5H Garden,"VND 6,075,000",8.7,3.9 km from centre,Yes,No,No
Vinhomes Urban Oasis,"VND 13,500,000",10,3.5 km from centre,Yes,No,No
The One Sai Gon,"VND 17,100,000",8.5,300 m from centre,Yes,No,No
Homestay Four P Phu Nhuan,"VND 5,579,725",8.8,3.7 km from centre,Yes,Yes,No
Vinhomes Residences Luxury Apartment,"VND 14,107,500",7.6,2.6 km from centre,No,Yes,No
Le Méridien Saigon,"VND 36,800,000",8.5,1.3 km from centre,Yes,No,No
Soho Premium Suites - Ben Thanh Market Area,"VND 10,800,000",9.2,0.5 km from centre,Yes,No,No
Saigon Domaine Luxury Residences,"VND 24,875,226",8.2,7.4 km from centre,Yes,Yes,Yes
Mya's Apartment,"VND 5,062,493",8.3,3.4 km from centre,Yes,No,No
Penthouse 86 - Pool Private - In the HEART HCM,"VND 41,040,000",7.0,2.7 km from centre,Yes,Yes,No
Bin Bin Hotel 12 Near Sala Residence,"VND 6,174,000",9.0,6 km from centre,Yes,No,No
Anh Dao Hotel,"VND 5,054,700",7.7,9.5 km from centre,Yes,Yes,No
The Botanica - Apartment near Airport - Very Nice,"VND 12,600,000",8.4,5.1 km from centre,Yes,No,No
Aloha House Apartment,"VND 6,154,772",8.8,2.2 km from centre,Yes,No,No
Cole Hotel & Apartment,"VND 4,388,634",8.0,9 km from centre,Yes,No,No
Aesthetic homes,"VND 5,500,000",7.9,1.6 km from centre,No,Yes,No
Guesthouse Minh Thu,"VND 3,150,000",8.4,4.3 km from centre,Yes,No,No
Vinhomes Landmark APT Renovation 2025 by BeVista,"VND 18,012,500",6.4,3.5 km from centre,Yes,Yes,No
S79 Residences SEN,"VND 3,818,888",3.0,0.5 km from centre,Yes,Yes,No
Michelle Hotel,"VND 4,761,000",8.3,3.7 km from centre,Yes,Yes,No
Sherwood Suites,"VND 24,896,625",9.4,1.4 km from centre,No,Yes,No
DDA Hotel District 1- Bùi Viện-Đề Thám Walking Street,"VND 4,273,335",6.0,0.6 km from centre,Yes,No,No
NEW LAND Apartment 2 - Phu My Hung,"VND 4,260,060",8.0,4.6 km from centre,Yes,No,No
Đông Như 2,"VND 4,860,000",8.6,8.4 km from centre,Yes,No,No
M Village Living Hồ Biểu Chánh,"VND 7,806,240",9.0,3.4 km from centre,No,Yes,No
Truong Giang Hotel,"VND 3,150,000",7.4,4.6 km from centre,Yes,No,No
Destiny Apartment,"VND 8,100,000",9.0,4.4 km from centre,No,Yes,No
The Tresor - 1 and 2 bedrooms Apt - near Ben Thanh market,"VND 10,100,000",8.0,0.8 km from centre,Yes,No,No
Lunaria Maison Local Side,"VND 3,408,779",8.2,3.3 km from centre,Yes,No,No
Saigon Home Apartment - Infinity Pool,"VND 9,618,750",9.5,1 km from centre,Yes,No,No
Rivesride house Quận Phú Nhuận 3,"VND 4,743,000",8.2,4 km from centre,Yes,No,No
The landmark Luxury Vinhomes Apartments - The buildings nearby landmark 81 central,"VND 13,500,001",9.2,3.5 km from centre,Yes,No,No
Gemini Saigon CENTER - New & Quiet near Bui Vien Walking Street,"VND 5,539,450",7.2,0.6 km from centre,No,Yes,No
Thao Dien Coliving 2,"VND 4,275,000",9.4,5.2 km from centre,Yes,No,No
T-Ritz Saigon Hotel & Apartment,"VND 19,391,400",8.8,1.5 km from centre,Yes,Yes,No
Siris Niko Residence - Self Checkin,"VND 3,416,000",8.1,5 km from centre,Yes,No,No
GRAD Ly Ly Hotel 2,"VND 10,398,384",10,10 km from centre,Yes,Yes,No
Orchid Boutique Hotel & Apartment,"VND 15,750,000",8.0,4.6 km from centre,Yes,No,Yes
Lalahouse Masteri Thao Dien view Landmark 3PN,"VND 13,859,991",8.4,6 km from centre,Yes,No,No
ACE Hotel - Bến Thành,"VND 4,714,329",6.9,0.9 km from centre,Yes,Yes,No
Lunaria Maison - Riverside,"VND 12,950,685",8.3,1.3 km from centre,Yes,No,No
Meraki Hotel,"VND 4,444,443",6.9,0.9 km from centre,Yes,Yes,No
Cho thuê Căn hộ full nội thất khu Diamond Alnata,"VND 16,200,000",10,9.5 km from centre,Yes,No,No
"SkyView Apartment - Bui Vien Street, Downtown & SG's HEART","VND 11,704,500",8.8,1 km from centre,Yes,No,No
Long Home 3,"VND 3,600,000",6.7,1.6 km from centre,Yes,Yes,No
Heyday apartment,"VND 5,497,693",9.6,4.6 km from centre,No,Yes,No
Somerset Chancellor Court Ho Chi Minh City,"VND 20,667,150",8.7,1.4 km from centre,No,Yes,No
"ALOHA SAIGON PREMIUM HOSTEL by Local Travel Experts - Newly opened, Less-touristy location, Spacious rooms, Glass shower bathroom, Free breakfast & Walking Tour","VND 13,770,000",9.4,2.9 km from centre,Yes,Yes,Yes
Somerset Feliz Ho Chi Minh City,"VND 16,839,900",9.4,6.3 km from centre,No,Yes,No
Kin Hotel Ly Tu Trong,"VND 14,934,245",9.5,300 m from centre,No,Yes,Yes
SCAT Hotel- New World Bến Thành,"VND 3,884,850",6.0,0.7 km from centre,Yes,No,No
"Vinpearl Landmark 81, Autograph Collection","VND 45,650,000",9.2,3.6 km from centre,Yes,No,No
Khách Sạn Angkor 2 Gò Vấp,"VND 3,402,000",7.7,8.4 km from centre,No,Yes,No
M Village Living Trần Não,"VND 9,828,000",9.2,4 km from centre,Yes,No,No
Huy Hoàng Hotel,"VND 2,520,000",5.5,4.5 km from centre,Yes,No,No
Sam's House,"VND 3,420,000",9.2,6.3 km from centre,Yes,No,No
Vinhomes Landmark 81 - Christine Home,"VND 11,070,000",8.8,3.5 km from centre,No,Yes,No
JW Marriott Hotel and Suites Saigon,"VND 43,500,000",8.6,1.1 km from centre,Yes,No,No
Pony Bliss Haven - Sư Vạn Hạnh,"VND 6,300,000",9.3,3.3 km from centre,Yes,No,No
Căn Hộ Cho Thuê Ở Vinhome Central Park,"VND 11,115,000",9.8,3.5 km from centre,Yes,No,No
M Village Living Cửu Long,"VND 7,445,880",8.3,5.5 km from centre,No,Yes,No
Central of Vinhomes Area,"VND 13,500,000",10,3.5 km from centre,Yes,No,No
"Ha Đo Centrosa Building , Ba Thang Hai street, distrist 10","VND 12,150,000",8.8,3.1 km from centre,Yes,Yes,No
Khách Sạn Minh Anh Gò Vấp,"VND 2,470,000",8.4,9.1 km from centre,Yes,No,No
HOTEL le JARDIN SECRET saigon,"VND 12,330,000",8.5,1.3 km from centre,Yes,No,No
Hoang Yen Nhi Hotel,"VND 4,559,906",5.3,2.6 km from centre,No,Yes,No
Vinhomes Residences Luxury Suite,"VND 13,688,640",8.4,3.6 km from centre,Yes,No,No
Sweet Home LGBTQ,"VND 3,534,000",9.4,3.2 km from centre,Yes,No,No
Dlux Bạch Đằng,"VND 3,600,000",5.3,5.6 km from centre,Yes,No,No
The RIO Ha Do Home City,"VND 12,960,000",9.8,2.3 km from centre,Yes,No,No
9Trip Stay in Sunrise Riverside,"VND 9,400,001",9.5,5.6 km from centre,Yes,No,No
Soul Station - Studio Hotel,"VND 6,019,200",9.2,5.5 km from centre,Yes,No,No
Amazing 2 BR Masteri Thao Dien,"VND 11,371,000",10,5.7 km from centre,No,No,No
Glenwood Suites,"VND 9,177,787",8.4,5.4 km from centre,Yes,No,No
The Luxury,"VND 4,455,000",9.3,9.7 km from centre,Yes,No,No
Lumina Home,"VND 4,943,090",9.7,4 km from centre,Yes,No,No
Nina Homes Phu My Hung,"VND 10,044,000",9.1,4.6 km from centre,Yes,Yes,No
McGallery Art - Lucky Residence Suite's & Apartments,"VND 13,365,000",9.1,1.7 km from centre,Yes,No,No
Luxury Vinhomes Central Park - Thamin Residence,"VND 11,235,150",9.1,3.7 km from centre,Yes,No,No
Thạch Đà Motel,"VND 3,576,375",9.1,10.1 km from centre,Yes,No,No
Seven Stars Hotel,"VND 2,835,000",7.2,4.9 km from centre,No,Yes,No
AULE HOSTEl,"VND 5,400,000",7.5,0.6 km from centre,Yes,No,No
Value Hotel,"VND 3,825,000",7.8,5.4 km from centre,Yes,No,No
MHome,"VND 3,832,650",9.6,1.9 km from centre,Yes,No,No
Nguyên Thái,"VND 2,733,750",9.0,14 km from centre,Yes,No,No
Le Vu Hotel,"VND 3,645,000",7.8,0.8 km from centre,Yes,No,No
LUCKY HOTEL LIEN PHUONG,"VND 2,970,000",7.7,10.8 km from centre,Yes,No,No
Goby home in Rivergate Luxury Apartment - near Ben Thanh market,"VND 11,840,000",7.4,0.9 km from centre,Yes,No,No
M Village Hotel Hai Bà Trưng,"VND 13,566,000",9.0,1.7 km from centre,Yes,No,No
"Soho Residence, District 1","VND 10,125,000",5.7,0.9 km from centre,No,Yes,No
Apartment - Near TSN Airport - 2Br 2WC - Luxury,"VND 12,600,000",8.7,5.1 km from centre,Yes,No,No
J&K Hotel,"VND 3,460,000",6.9,1 km from centre,Yes,No,No
Nhật Vân 1,"VND 2,857,275",5.0,2.9 km from centre,No,Yes,No
9 Hostel and Suites,"VND 5,132,160",8.1,0.5 km from centre,Yes,No,No
Anh's House,"VND 3,915,000",8.4,8.8 km from centre,Yes,Yes,No
HÙNG MIAMI HOTEl - 3 SAO,"VND 3,960,000",7.5,6.4 km from centre,Yes,Yes,No
Ahu Hotel & Apartment,"VND 3,481,200",8.1,1 km from centre,Yes,No,No
Morden Apartment 2BR- Masteri Thao Dien,"VND 9,424,000",8.0,5.8 km from centre,Yes,No,No
A25 Hotel - 255 Lê Thánh Tôn,"VND 10,435,792",7.4,250 m from centre,Yes,Yes,Yes
Avanti Hotel,"VND 12,213,000",7.8,200 m from centre,Yes,No,Yes
The Eros Hotel,"VND 2,244,000",7.0,10.1 km from centre,Yes,No,No
Kha Thy Hotel,"VND 7,020,000",6.2,7.8 km from centre,Yes,No,No
Habista Serviced Apartment - 45TL,"VND 5,130,000",8.7,5.4 km from centre,No,Yes,No
Ly Ly Hotel,"VND 6,885,000",7.4,9 km from centre,Yes,No,No
Dlux BÙI VĂN THÊM,"VND 3,150,000",5.4,4.6 km from centre,Yes,No,No
Dai Nam Boutique Hotel,"VND 12,096,000",8.0,400 m from centre,Yes,Yes,No
khách sạn Vạn Thành Đạt,"VND 2,250,000",7.4,14.1 km from centre,Yes,No,No
Homestay Thule,"VND 4,009,500",9.3,7.9 km from centre,Yes,Yes,No
Rubi Home - Soho Apartment & Hotel District 1,"VND 13,770,000",10,1 km from centre,Yes,No,No
IAM SAIGON Homestay,"VND 8,917,682",9.0,4.2 km from centre,Yes,No,Yes
Cactusland Homestay - Tran Hung Dao,"VND 4,220,682",8.8,1.7 km from centre,Yes,No,No
Venice 1 Hotel,"VND 3,571,064",7.5,3.9 km from centre,No,Yes,No
Bear's House - The Riverside,"VND 5,475,750",8.8,2.5 km from centre,Yes,No,No
Đức Phúc Hotel,"VND 2,844,000",7.7,10.1 km from centre,Yes,No,No
Rivergate Residence PROMO,"VND 6,393,600",4.6,1 km from centre,Yes,No,No
Masteri Thao Dien,"VND 9,944,991",8.5,5.8 km from centre,Yes,No,No
Huyen Apartment,"VND 5,850,000",8.7,3.3 km from centre,Yes,No,No
Soho residence studio apartment,"VND 8,403,178",8.7,1 km from centre,Yes,No,No
2Br Golden View Sunrise Cityview Hana's Apart D7,"VND 11,700,000",8.8,2.9 km from centre,Yes,No,No
Landmark 81- Homes by Christine,"VND 14,630,000",8.8,2.6 km from centre,No,Yes,No
Homestay Quận 1 Homestay ngay phố Bùi Viện,"VND 18,168,750",8.2,0.8 km from centre,Yes,No,No
Nako Hotel,"VND 5,780,880",7.7,11.1 km from centre,Yes,Yes,No
"Cozy studio at Hai Ba Trung st., Dist 3 near Tan Dinh market","VND 3,510,000",8.8,2.6 km from centre,Yes,No,No
Doha 2 Hotel Saigon Airport,"VND 9,000,000",5.8,5.8 km from centre,No,No,No
CouCou Homestead II - Mini Hotel District 1,"VND 5,793,804",8.3,0.7 km from centre,Yes,No,No
Bin Bin Hotel 2 - Near Him Lam D7,"VND 6,360,000",8.1,3.4 km from centre,Yes,No,No
Thanh Bình 2 Hotel,"VND 2,790,000",7.7,9 km from centre,Yes,No,No
Marina Home Saigon River,"VND 6,075,000",10,8.5 km from centre,Yes,No,No
Level Hotel Sai Gon - by BAY LUXURY,"VND 10,563,300",9.1,1.1 km from centre,No,Yes,No
Allen luxury apartment - Vinhomes central park,"VND 13,754,000",8.7,3.6 km from centre,Yes,Yes,No
Khách Sạn Lộc Phát,"VND 3,231,900",7.4,7.2 km from centre,No,Yes,No
The Moon 2 Hotel,"VND 12,150,000",8.0,9.6 km from centre,Yes,No,No
Sunrise City - 1 Bed Room - Full Furniture - City View,"VND 14,040,000",10,3.2 km from centre,Yes,Yes,No
"BIG ROOM next to Bui Vien , Ben Thanh market","VND 22,500,000",8.5,1 km from centre,Yes,No,No
Homestay saigon Airport,"VND 5,850,000",7.0,5.2 km from centre,Yes,No,No
Elysian Home,"VND 5,443,200",9.7,1.7 km from centre,Yes,No,No
Silverland Yen Hotel,"VND 20,368,320",8.9,250 m from centre,Yes,Yes,No
M Village Living Kỳ Đồng,"VND 8,804,640",9.2,2.2 km from centre,Yes,No,No
King Penhouse Duplex-3BR,"VND 27,540,000",10,6.5 km from centre,Yes,No,No
Khách sạn Huy Phương,"VND 2,907,000",8.6,17.7 km from centre,No,Yes,No
Trung Bảo Hotel,"VND 2,718,144",7.2,4.9 km from centre,Yes,No,No
Homestay Four P Binh Thanh,"VND 6,395,256",9.5,4.9 km from centre,Yes,Yes,No
Sakura Hotel Thủ Đức,"VND 3,240,450",8.0,9.8 km from centre,Yes,No,No
Bear's House Sư Vạn Hạnh,"VND 6,075,000",8.7,3.4 km from centre,Yes,No,No
Lumiere Riverside Saigon Elegance Suites,"VND 13,413,600",10,6.5 km from centre,Yes,No,No
"101 부이비엔 도보 10분 , 아늑한 주택","VND 3,847,500",None,1.1 km from centre,Yes,Yes,No
An Chi Hotel,"VND 3,348,000",8.9,3.8 km from centre,Yes,No,No
Căn Hộ 2 phòng ngủ Emerald cạnh Siêu Thị AEON mall Tân Phú,"VND 10,530,000",9.0,10.1 km from centre,Yes,No,No
Saigon Garden Homestay,"VND 5,397,840",8.9,13.8 km from centre,Yes,No,No
Sea123,"VND 3,604,500",9.1,1.5 km from centre,Yes,No,No
Cát Anh Hotel,"VND 6,210,000",8.6,8.5 km from centre,Yes,No,No
LEE HOTEL,"VND 9,000,000",7.7,5.3 km from centre,Yes,No,No
Quang Huy Hotel,"VND 4,154,850",8.7,3.1 km from centre,Yes,No,No
Au Lac Legend Hotel,"VND 14,572,350",8.7,1.1 km from centre,Yes,Yes,Yes
Bình Triệu Hotel - Gò Vấp,"VND 3,748,500",8.2,7.6 km from centre,Yes,No,No
Bin Bin Hotel 11 Near Island Diamond,"VND 5,831,000",6.8,5.8 km from centre,Yes,No,No
My Friends Hotel,"VND 4,270,500",7.0,2.4 km from centre,Yes,No,No
Modern Elegance in Central Park,"VND 13,500,000",10,3.5 km from centre,Yes,No,No
Ben Thanh - Luxury Serviced Apartments,"VND 20,700,000",8.3,300 m from centre,Yes,No,No
An's Homestay,"VND 4,018,500",9.3,1.7 km from centre,Yes,No,No
Khách sạn Mỹ Anh,"VND 2,835,000",7.6,3.8 km from centre,Yes,No,No
Winston Hotel Riverside,"VND 3,375,000",7.4,9 km from centre,Yes,Yes,No
Oasis Central - Soho CBD Apartment,"VND 11,907,000",9.4,1 km from centre,Yes,No,No
CÁT ANH HOTEL,"VND 6,210,000",8.1,8.5 km from centre,Yes,No,No
2 Bedrooms At The Sun Avenue In The Center Of District 2 With Overflow Swimming Pool,"VND 12,825,000",8.7,5.4 km from centre,Yes,No,No
The Common Room,"VND 13,365,000",9.5,1 km from centre,Yes,No,No
Sai Gon Airport Hotel,"VND 6,771,600",7.9,5.4 km from centre,Yes,Yes,No
Ha Do Centrosa Apartment District 10,"VND 18,000,000",8.0,2.7 km from centre,Yes,No,No
Luas Cosy Home - The Cosy Chinatown Hideaway,"VND 5,119,200",8.9,4.4 km from centre,Yes,No,No
Vina Home,"VND 4,207,500",7.7,4.8 km from centre,Yes,No,No
"KIN Wander Tân Bình, The Mountain","VND 8,713,800",7.9,6.9 km from centre,Yes,Yes,No
Hạnh Phúc Hotel,"VND 6,885,000",7.9,2.5 km from centre,Yes,No,No
Service Apartment By Me in River Gate building,"VND 10,935,000",9.5,0.9 km from centre,Yes,No,No
"HighClass Suites - Walk-To-Independence Palace, SaiGon's Heart","VND 11,475,000",None,0.9 km from centre,Yes,No,No
Stay With Me Saigon Apartment - Rivergate Building,"VND 11,475,000",10,1 km from centre,Yes,Yes,No
White Lotus - Heritage Hotel,"VND 9,180,000",9.1,2.7 km from centre,Yes,No,Yes
Hello SaiGon Homestay,"VND 5,499,997",9.3,1.9 km from centre,Yes,No,No
Gin House Hotel & Apartment Near Turtle Lake,"VND 14,823,000",7.8,1.9 km from centre,Yes,No,No
Khách Sạn Avatar,"VND 3,159,000",6.5,7.2 km from centre,Yes,No,No
Stunning river view 2BRs apartment at Vinhomes Landmark 81,"VND 12,240,000",10,3.7 km from centre,Yes,No,No
M Village Living Điện Biên Phủ - The Tropic,"VND 11,541,400",8.9,3.4 km from centre,Yes,No,No
Nhật Vân 2,"VND 2,907,000",5.3,2.9 km from centre,Yes,No,No
Tulip Hotel,"VND 2,950,000",7.4,10 km from centre,Yes,No,No
La Opera Saigon Hotel,"VND 14,754,960",8.9,1.4 km from centre,No,Yes,Yes
Bananas Indochine E,"VND 22,185,000",7.7,1.1 km from centre,Yes,No,No
M Village Living Nam Kỳ Khởi Nghĩa,"VND 8,873,280",8.4,1.5 km from centre,No,Yes,No
"HighClass Suites - D1mension & Zenity, Night Sky View and Central","VND 15,500,600",9.3,2.2 km from centre,Yes,No,No
Riverside house phú nhuận 2G,"VND 5,355,000",8.0,4 km from centre,Yes,No,No
Rivergate Apartments Saigon,"VND 7,416,000",10,1 km from centre,Yes,No,No
Yên House 09,"VND 3,420,000",8.0,6.3 km from centre,Yes,No,No
Istars Hotel,"VND 2,539,800",5.7,3.6 km from centre,Yes,Yes,No
NEW LAND Apartment - Phu My Hung,"VND 4,332,000",8.2,6.9 km from centre,Yes,Yes,No
Lumiere riverside-Kiri-serene unit in Thao Dien,"VND 19,350,000",10,6.5 km from centre,Yes,No,No
Vinhome,"VND 4,950,000",9.8,1.6 km from centre,Yes,No,No
Lee Hotel,"VND 3,600,000",7.4,7.4 km from centre,No,Yes,No
HongHome The Cactus Building,"VND 7,020,000",8.8,2.3 km from centre,Yes,No,No
Best Studio Room Near Ben Thanh Market,"VND 4,770,000",8.2,250 m from centre,Yes,No,No
Khu đô thị Vinhomes Grand Park Tp Thủ đức Tp HCM,"VND 8,019,000",None,10.7 km from centre,Yes,No,No
Khách sạn Minh Châu - Điện Biên Phủ,"VND 3,780,000",7.6,2.4 km from centre,Yes,No,No
I Riverside B303 I Compact & Quiet Studio,"VND 2,916,000",9.5,6 km from centre,No,Yes,No
Zeus Living - City Central,"VND 8,316,000",8.1,0.7 km from centre,Yes,Yes,No
SaigonOne Serviced Apartment,"VND 7,110,000",8.7,1.3 km from centre,No,No,No
Saigon Court Serviced Apartment,"VND 24,300,000",9.0,1.2 km from centre,Yes,No,No
Senho Hotel,"VND 3,645,000",6.6,7.7 km from centre,Yes,Yes,No
The Lumiere Riverside Suite,"VND 3,825,000",10,6.5 km from centre,Yes,No,No
Vinhomes Central Park Apartment Landmark Căn hộ DV,"VND 9,720,000",5.8,3.6 km from centre,Yes,No,No
Vinhomes Central Park,"VND 12,879,000",7.9,3.7 km from centre,No,Yes,No
Healing Homestay Bình Thạnh,"VND 2,534,400",10,3 km from centre,Yes,No,No
Riverside House Quận phú nhuận view,"VND 6,502,500",None,4 km from centre,Yes,No,No
Hoa Hồng Hotel Ho Chi Minh City,"VND 6,032,880",7.8,8.2 km from centre,Yes,No,No
HHomes - Luxury 2 Bedroom with Pool GYM BBQ at Masteri Thao Dien,"VND 11,494,500",8.7,5.7 km from centre,Yes,No,No
F-APARTMENT,"VND 6,900,000",9.2,6.1 km from centre,Yes,No,No
La Siesta Premium Saigon Central,"VND 26,025,300",9.3,350 m from centre,Yes,Yes,Yes
Shusimi House & Boutique Near Tan Son Nhat Airport,"VND 4,160,700",6.9,4.4 km from centre,Yes,No,No
SaiGon Apartment,"VND 8,100,000",8.9,1 km from centre,Yes,No,No
Botanica Premier Apartment - near Tan Son Nhat airport - 5 minutes - Nice,"VND 8,019,000",7.0,5.5 km from centre,Yes,No,No
Laregatta Boutique,"VND 10,125,000",7.8,1.4 km from centre,Yes,No,No
Signature by M Village Hai Bà Trưng,"VND 28,617,030",9.1,1 km from centre,Yes,No,No
KEN HOTEL,"VND 5,841,000",8.0,2.2 km from centre,Yes,No,No
HOLO LE THANH TON SAIGON Serviced HomeStay,"VND 6,415,200",8.0,1.4 km from centre,Yes,No,No
SQUIRRELHOME District8,"VND 5,094,495",9.5,4.9 km from centre,Yes,No,No
Bay Hotel Ho Chi Minh,"VND 16,200,000",8.2,1.4 km from centre,Yes,No,No
Timmy's house,"VND 5,215,500",9.8,2.2 km from centre,No,Yes,No
Dancentre Luxury Hotel Near SECC formerly Sunshine Garden Hotel,"VND 6,398,642",6.0,6.8 km from centre,Yes,Yes,No
khách sạn Hồng Tâm,"VND 4,050,000",8.3,9.3 km from centre,No,Yes,No
YOURHOMES SUNRISECITY VIEW Quận 7,"VND 9,900,000",9.3,2.9 km from centre,Yes,No,No
Express by M Village Phạm Ngũ Lão,"VND 8,735,584",7.1,1 km from centre,Yes,No,No
Luala Home,"VND 5,308,875",9.4,2.1 km from centre,Yes,Yes,No
Khách Sạn Hoàng Anh,"VND 2,430,000",7.1,6.8 km from centre,Yes,No,No
S79 My My Hotel,"VND 5,814,004",10,3.2 km from centre,Yes,Yes,No
Tuấn Hưng Hotel HCM,"VND 2,711,160",7.0,4.4 km from centre,Yes,Yes,No
Beauty House,"VND 4,578,035",8.1,0.6 km from centre,Yes,No,No
"Nana House - Trương Quyền, Quận 3","VND 5,265,000",8.0,1.7 km from centre,Yes,Yes,No
QUỲNH HOA HOTEL,"VND 3,825,000",8.0,13.2 km from centre,Yes,No,No
Iris Hotel,"VND 8,100,000",7.8,5.4 km from centre,Yes,No,No
M Village Living 59 Thảo Điền,"VND 8,673,600",9.1,5.5 km from centre,Yes,No,No
Louisa Vinh Hoi Apartment,"VND 17,679,690",9.5,1.8 km from centre,Yes,No,No
Sài Gòn Heat Hotel,"VND 6,263,820",8.2,4.5 km from centre,Yes,No,No
THANH TAI HOTEL 2,"VND 4,235,296",8.1,12 km from centre,Yes,No,No
The IMPERIAL PLACE & WESTERN CAPITAL,"VND 8,213,400",7.5,8.6 km from centre,Yes,No,No
The Umi Hotel,"VND 4,773,600",8.2,0.9 km from centre,No,Yes,No
HANZ Premium Friday Saigon,"VND 6,566,411",None,3 km from centre,Yes,Yes,No
"AGK House - HomeStay - 406 Xô Viết Nghệ Tĩnh, P25, Bình Thạnh, gần ngã 4 Hàng Xanh","VND 4,095,000",8.8,4 km from centre,Yes,No,No
Convinia - Free Pick Up Airport For all Booking,"VND 6,300,000",8.0,1.8 km from centre,Yes,No,No
Khách sạn Anh Thư,"VND 4,008,003",8.1,6 km from centre,Yes,No,No
Best Hotel,"VND 4,500,000",8.8,11.6 km from centre,Yes,No,No
Saigon Tresor Macy,"VND 9,450,000",8.6,0.8 km from centre,Yes,No,No
Sunrise City View sử dụng hồ bơi miễn phí,"VND 9,000,000",8.5,2.9 km from centre,Yes,No,No
Saigon Gao Hostel,"VND 6,019,650",9.8,1.1 km from centre,Yes,No,No
Landmark 81 Vinhomes Apartment Service,"VND 31,635,000",9.2,3.7 km from centre,Yes,No,No
Sheraton Saigon Grand Opera Hotel,"VND 41,700,000",9.0,0.8 km from centre,Yes,No,No
Hoshi Apartment,"VND 8,336,250",9.4,2.3 km from centre,No,Yes,No
Saigon Riverside Apartment,"VND 12,658,500",7.7,3.5 km from centre,Yes,No,No
Cupid Hotel,"VND 6,453,000",8.4,1.2 km from centre,Yes,No,No
Red Sun Airport Saigon Hotel,"VND 3,960,000",7.4,5.2 km from centre,Yes,No,No
Kim Yen Hotel,"VND 4,551,750",7.0,3.6 km from centre,Yes,No,No
"Spacious 4BR apat at Saigon Centre with pool, supermarket, view","VND 36,720,000",8.9,1.5 km from centre,Yes,No,No
"Saigon PeaceHome Apartment with balcony , Tan Dinh ward, Dist 1","VND 8,910,000",9.7,2.7 km from centre,Yes,No,No
Khách Sạn Hoàng Thanh Thủy 4,"VND 2,361,600",7.0,12.6 km from centre,Yes,No,No
Camila Hotel,"VND 8,015,625",7.7,5.3 km from centre,Yes,Yes,No
Landmark Plus - Vinhomes Central Park,"VND 12,474,000",9.4,3.5 km from centre,Yes,No,No
Gia Huy Hotel,"VND 10,800,000",8.4,200 m from centre,Yes,No,No
A25 Hotel - 251 Hai Bà Trưng HCM,"VND 11,134,568",7.8,1.9 km from centre,Yes,Yes,Yes
Karat Home,"VND 4,500,000",8.0,1.5 km from centre,Yes,Yes,No
H79 HOTEL,"VND 2,944,620",5.0,5.3 km from centre,No,Yes,No
Ky Hoa Hotel Ho Chi Minh,"VND 9,234,000",7.7,2.6 km from centre,Yes,No,Yes
Căn hộ tại Phú Nhuận,"VND 8,464,500",8.2,5.5 km from centre,No,Yes,No
HOLO HAM NGHI SAIGON - Serviced HomeStay,"VND 8,325,000",8.6,450 m from centre,Yes,No,No
CBD Luxury Apartment in Rivergate Tower,"VND 16,200,000",10,1 km from centre,No,Yes,No
The Rixx Fabulous Apartment @ D1/jacuzzi/pool/gym,"VND 21,161,250",8.7,1.7 km from centre,Yes,No,No
Thien Phu Logia Hotel,"VND 4,646,070",7.5,10.5 km from centre,Yes,No,No
KHÁCH SẠN HỒNG ĐÀO,"VND 2,992,500",8.3,5 km from centre,Yes,No,No
Sen Hotel,"VND 4,702,500",8.3,8.8 km from centre,No,No,No
Ngo Gia Phat,"VND 3,870,000",7.4,2.2 km from centre,Yes,No,No
Gió Bắc - North Wind Hotel,"VND 4,500,000",7.4,2 km from centre,Yes,No,No
MerPerle Crystal Palace,"VND 40,256,991",8.2,5.7 km from centre,No,Yes,Yes
Stockholm Apartment,"VND 7,141,284",8.5,3.2 km from centre,Yes,Yes,No
the Vinhome Central apartment - The Best Landmark Area,"VND 13,500,001",9.5,3.6 km from centre,Yes,No,No
"Scenic Valley 2 Near SECC, Cresent Mall","VND 13,500,000",None,4.9 km from centre,Yes,No,No
2 beds studio at Rivergate Residences,"VND 6,672,500",6.5,1.1 km from centre,Yes,No,No
Grand Poseidon SG Hotel,"VND 17,595,000",7.8,250 m from centre,Yes,No,No
APARTMENT AIRPORT REPUBLIC - Free Pool Gym and Kid room,"VND 9,180,000",8.9,5.8 km from centre,Yes,No,No
Saigon Hideout New World View,"VND 8,836,695",7.9,0.5 km from centre,Yes,No,No
Metropole Thu Thiem-2 Br Apartment in the center -River view & Luxury,"VND 24,795,000",None,1.8 km from centre,Yes,No,No
Modern District 1 2BR&3BR D1&Zenity apartment OUTDOOR Jacuzzi Pool,"VND 30,870,000",9.5,2.1 km from centre,Yes,No,No
Nhat Ha Lavish Hotel,"VND 15,955,560",6.5,400 m from centre,Yes,No,Yes
"Modern, Cozy & Fully Equipped 2BR Apt in D4, 5m to D1","VND 10,754,703",8.7,1.3 km from centre,Yes,Yes,No
GRAD Thanh Hong Hotel,"VND 3,831,694",8.0,5.5 km from centre,Yes,Yes,No
Express by M Village Võ Văn Kiệt,"VND 9,215,700",8.7,1.5 km from centre,Yes,No,No
Khách Sạn Huỳnh Anh,"VND 3,150,000",8.0,10.3 km from centre,Yes,No,No
Góc Hải Phòng Drinks & Homestay Q4,"VND 4,050,000",9.5,1.9 km from centre,Yes,Yes,No
YourHomes - River Gate,"VND 12,474,000",8.8,1 km from centre,Yes,No,No
Homestay BNB,"VND 3,487,500",7.7,3.4 km from centre,Yes,No,No
StayX Condotel,"VND 20,925,000",9.4,6.1 km from centre,Yes,No,No
Thiên Phước Hotel,"VND 4,501,350",6.8,4.7 km from centre,Yes,No,No
THU'S APARTMENT near Ben Thanh Market,"VND 12,732,019",8.8,250 m from centre,Yes,No,No
Sunrise city OT,"VND 8,032,500",None,3.2 km from centre,Yes,No,No
Căn Studio Áp Mái Full Nội Thất - Gần TTTM Aeon Tân Phú,"VND 3,825,000",9.6,10.8 km from centre,Yes,No,No
Dazi Signature,"VND 23,800,000",7.9,250 m from centre,Yes,Yes,Yes
Cho thuê căn hộ 3pn2wc 117m2 Diamond Alnata Celadon city Tân Phú,"VND 23,310,000",10,9.6 km from centre,Yes,No,No
"Soho Apt - luxury stay, next to BenThanh market","VND 21,628,750",9.2,1 km from centre,Yes,No,No
Tumy Homestay,"VND 4,873,500",8.3,1.1 km from centre,Yes,No,No
Homey Apartment,"VND 5,737,500",9.0,5.8 km from centre,Yes,No,No
